{"stats":{"minecraft:custom":{"minecraft:mob_kills":45,"minecraft:interact_with_crafting_table":21,"minecraft:eat_cake_slice":6,"minecraft:leave_game":4,"minecraft:time_since_death":1896,"minecraft:climb_one_cm":12096,"minecraft:sprint_one_cm":656666,"minecraft:walk_one_cm":1332471,"minecraft:drop":46,"minecraft:damage_dealt_absorbed":71,"minecraft:play_time":220337,"minecraft:deaths":19,"minecraft:sneak_time":8507,"minecraft:walk_under_water_one_cm":19641,"minecraft:jump":4179,"minecraft:walk_on_water_one_cm":46067,"minecraft:total_world_time":220337,"minecraft:interact_with_furnace":19,"minecraft:play_record":2,"minecraft:sleep_in_bed":1,"minecraft:time_since_rest":1431,"minecraft:waystone_activated":2,"minecraft:damage_taken":5579,"tombstone:sneak_grave":2,"minecraft:damage_dealt":7210,"minecraft:swim_one_cm":59536,"minecraft:fly_one_cm":1304015,"minecraft:player_kills":5,"minecraft:open_chest":69,"minecraft:crouch_one_cm":50179,"tombstone:undead_killed":16,"minecraft:fall_one_cm":85109},"minecraft:mined":{"biomesoplenty:mossy_black_sand":16,"minecraft:deepslate_diamond_ore":14,"minecraft:jungle_leaves":1,"minecraft:dark_oak_log":2,"minecraft:jungle_log":1,"minecraft:hay_block":9,"minecraft:magma_block":40,"minecraft:iron_ore":26,"minecraft:fire":1,"minecraft:cobbled_deepslate":1,"treechop:chopped_log":14,"biomesoplenty:hanging_cobweb":2,"epicsamurai:deepslate_silver_ore":10,"minecraft:stone":153,"minecraft:tripwire":2,"minecraft:deepslate_redstone_ore":1,"minecraft:acacia_leaves":2,"minecraft:blackstone":17,"minecraft:melon_stem":1,"biomesoplenty:black_sand":14,"biomesoplenty:black_sandstone":3,"minecraft:rose_bush":5,"minecraft:tall_grass":3,"minecraft:cobblestone":3,"biomesoplenty:sprout":149,"minecraft:oak_planks":2,"minecraft:wall_torch":2,"supplementaries:urn":1,"minecraft:wheat":117,"minecraft:tnt":3,"minecraft:mangrove_leaves":1,"minecraft:grass":117,"minecraft:oak_log":13,"minecraft:coal_ore":1,"minecraft:gravel":12,"minecraft:dirt":11,"biomesoplenty:stringy_cobweb":1,"minecraft:cobweb":1,"minecraft:red_mushroom_block":1,"minecraft:oak_leaves":15,"minecraft:deepslate":55,"minecraft:fern":188},"minecraft:broken":{"minecraft:wooden_pickaxe":1,"minecraft:stone_axe":2},"minecraft:used":{"minecraft:moss_carpet":1,"minecraft:rose_bush":2,"minecraft:stone_sword":43,"minecraft:flint_and_steel":33,"minecraft:redstone":3,"minecraft:torch":13,"minecraft:dirt":6,"minecraft:golden_chestplate":1,"biomesoplenty:black_sandstone":1,"minecraft:dark_oak_planks":23,"minecraft:wooden_axe":12,"farmersdelight:tomato":2,"minecraft:item_frame":1,"minecraft:oak_sapling":28,"minecraft:furnace":2,"tombstone:gift":4,"minecraft:egg":1,"minecraft:cobbled_deepslate":11,"biomesoplenty:black_sand":8,"minecraft:wheat_seeds":12,"epicfight:skillbook":6,"minecraft:stone_pickaxe":204,"minecraft:oak_planks":59,"minecraft:wooden_pickaxe":60,"travelersbackpack:coal":1,"minecraft:tnt":1,"minecraft:crafting_table":2,"supplementaries:bomb":1,"minecraft:white_bed":1,"minecraft:apple":5,"minecraft:string":2,"minecraft:bread":15,"minecraft:melon_slice":5,"minecraft:iron_pickaxe":131,"tombstone:grave_key":1,"minecraft:music_disc_blocks":2,"minecraft:gravel":2,"minecraft:stone_axe":158,"minecraft:cobblestone":4,"alexsmobs:animal_dictionary":3,"minecraft:jukebox":1,"minecraft:experience_bottle":1},"minecraft:dropped":{"minecraft:enchanted_book":1,"minecraft:wheat_seeds":44,"epicsamurai:raw_silver":7,"minecraft:diamond":6,"minecraft:feather":1,"travelersbackpack:standard":2,"minecraft:cobweb":3,"minecraft:dirt":4,"tombstone:grave_key":1,"minecraft:wooden_axe":2,"minecraft:iron_pickaxe":1,"minecraft:redstone":5,"minecraft:gravel":8,"alexsmobs:animal_dictionary":1,"minecraft:composter":1,"minecraft:chicken":1,"minecraft:rotten_flesh":13,"epicsamurai:straw_hat":1,"supplementaries:ash":1,"iceandfire:pixie_dust":1,"minecraft:oak_sapling":19,"farmersdelight:rope":1,"doggytalents:rice_grains":11,"minecraft:spider_eye":1,"minecraft:wooden_pickaxe":1,"minecraft:stone_pickaxe":4,"epicfight:skillbook":2},"minecraft:killed_by":{"minecraft:player":6,"minecraft:creeper":2,"alexsmobs:tasmanian_devil":1,"minecraft:skeleton":1,"minecraft:zombie":2,"iceandfire:cockatrice":1,"epicsamurai:kitsune":1},"minecraft:killed":{"minecraft:cave_spider":5,"epicsamurai:kawauso":1,"minecraft:spider":4,"alexsmobs:tasmanian_devil":2,"minecraft:skeleton":6,"epicsamurai:tanuki":2,"minecraft:drowned":2,"minecraft:parrot":12,"minecraft:creeper":1,"minecraft:zombie":8,"minecraft:player":4,"minecraft:cow":2},"minecraft:picked_up":{"minecraft:wooden_axe":1,"minecraft:wheat":96,"iceandfire:witherbone":1,"minecraft:chicken":1,"minecraft:wooden_pickaxe":1,"spelunkers_charm:deepslate_rock":3,"tombstone:grave_key":1,"minecraft:string":12,"minecraft:moss_carpet":1,"minecraft:item_frame":2,"minecraft:experience_bottle":1,"minecraft:blackstone":17,"supplementaries:bomb":1,"biomesoplenty:black_sand":30,"minecraft:cobbled_deepslate":55,"minecraft:beef":4,"minecraft:rose_bush":4,"minecraft:poppy":1,"minecraft:iron_pickaxe":1,"minecraft:melon_slice":5,"farmersdelight:cabbage_seeds":1,"minecraft:egg":1,"iceandfire:pixie_dust":1,"minecraft:stick":41,"minecraft:raw_iron":26,"minecraft:music_disc_blocks":2,"minecraft:composter":1,"minecraft:torch":3,"epicfight:skillbook":5,"tombstone:grave_dust":2,"minecraft:redstone":5,"minecraft:tnt":3,"minecraft:stone_sword":1,"minecraft:arrow":4,"minecraft:rotten_flesh":15,"minecraft:hay_block":9,"farmersdelight:rope":1,"supplementaries:ash":12,"minecraft:cobblestone":141,"minecraft:white_wool":2,"biomesoplenty:black_sandstone":4,"minecraft:magma_block":40,"minecraft:feather":22,"minecraft:jungle_log":1,"minecraft:leather":6,"doggytalents:rice_grains":7,"minecraft:oak_log":97,"farmersdelight:tomato":2,"minecraft:dirt":10,"minecraft:bone":6,"minecraft:apple":5,"minecraft:wheat_seeds":293,"minecraft:stone_pickaxe":2,"minecraft:iron_ingot":1,"minecraft:cobweb":3,"travelersbackpack:coal":1,"epicsamurai:raw_silver":7,"minecraft:oak_planks":2,"minecraft:book":1,"minecraft:gravel":10,"minecraft:dark_oak_log":6,"minecraft:spider_eye":1,"epicsamurai:straw_hat":2,"minecraft:diamond":17,"minecraft:stone_axe":1,"minecraft:emerald":2,"minecraft:oak_button":1,"tombstone:magic_scroll":2,"minecraft:oak_sapling":47,"minecraft:coal":61,"minecraft:melon_seeds":8},"minecraft:crafted":{"minecraft:oak_planks":100,"minecraft:furnace":2,"tombstone:grave_key":2,"minecraft:stone_pickaxe":2,"minecraft:dark_oak_planks":24,"minecraft:wheat":81,"minecraft:crafting_table":3,"minecraft:wooden_pickaxe":1,"minecraft:stone_axe":1,"minecraft:air":0,"minecraft:jungle_planks":4,"minecraft:charcoal":1,"minecraft:iron_pickaxe":1,"minecraft:stick":4,"minecraft:iron_ingot":1,"minecraft:wooden_axe":1,"minecraft:white_bed":1,"minecraft:torch":12}},"DataVersion":3465}