{"stats":{"minecraft:killed":{"minecraft:spider":28,"minecraft:skeleton":35,"minecraft:chicken":12,"minecraft:magma_cube":18,"minecraft:pig":3,"minecraft:salmon":7,"minecraft:iron_golem":1,"minecraft:creeper":8,"minecraft:sheep":9,"minecraft:trader_llama":2,"minecraft:pillager":1,"minecraft:zombie":79,"minecraft:ghast":1,"minecraft:cow":10,"minecraft:armadillo":1,"minecraft:endermite":1,"minecraft:slime":1,"minecraft:horse":2,"minecraft:drowned":9,"minecraft:wandering_trader":1,"minecraft:villager":26,"minecraft:enderman":5},"minecraft:broken":{"minecraft:golden_helmet":1,"minecraft:iron_shovel":1,"minecraft:iron_boots":1,"minecraft:iron_chestplate":2,"minecraft:iron_leggings":1,"minecraft:stone_pickaxe":2,"minecraft:stone_axe":5,"minecraft:stone_shovel":3,"minecraft:iron_axe":3,"minecraft:iron_helmet":1},"minecraft:crafted":{"minecraft:grindstone":1,"minecraft:smooth_stone":30,"minecraft:oak_planks":1126,"minecraft:oak_sign":3,"minecraft:pink_bed":1,"minecraft:cooked_chicken":7,"minecraft:wolf_armor":5,"minecraft:stone":129,"minecraft:bookshelf":5,"minecraft:cooked_mutton":20,"minecraft:glass":41,"minecraft:bow":2,"minecraft:iron_boots":2,"minecraft:chest":8,"minecraft:magenta_dye":2,"minecraft:stone_bricks":64,"minecraft:smoker":8,"minecraft:oak_slab":258,"minecraft:arrow":4,"minecraft:emerald":56,"minecraft:cooked_porkchop":39,"minecraft:diamond_axe":1,"minecraft:crafting_table":20,"minecraft:wooden_pickaxe":1,"minecraft:iron_helmet":2,"minecraft:smithing_table":1,"minecraft:fletching_table":4,"minecraft:birch_planks":124,"minecraft:painting":1,"minecraft:lectern":4,"minecraft:iron_chestplate":2,"minecraft:book":12,"minecraft:paper":36,"minecraft:diamond_pickaxe":2,"minecraft:yellow_dye":1,"minecraft:shield":2,"minecraft:stick":1328,"minecraft:stone_slab":6,"minecraft:iron_ingot":135,"minecraft:iron_pickaxe":2,"minecraft:iron_block":3,"minecraft:stone_sword":1,"minecraft:gold_ingot":30,"minecraft:netherite_ingot":7,"minecraft:cherry_planks":56,"minecraft:raw_iron":18,"minecraft:stone_shovel":5,"minecraft:leather_boots":1,"minecraft:furnace":22,"minecraft:blast_furnace":3,"minecraft:bone_meal":63,"minecraft:pink_dye":2,"minecraft:glass_pane":16,"minecraft:flint_and_steel":2,"minecraft:iron_axe":3,"minecraft:ladder":15,"minecraft:stone_pickaxe":3,"minecraft:diamond_boots":1,"minecraft:netherite_scrap":29,"minecraft:diamond_sword":1,"minecraft:enchanting_table":1,"minecraft:iron_sword":1,"minecraft:cooked_salmon":19,"minecraft:bucket":2,"minecraft:stone_axe":5,"minecraft:enchanted_book":8,"minecraft:acacia_boat":1,"minecraft:air":0,"minecraft:oak_boat":14,"minecraft:wooden_axe":1,"minecraft:iron_shovel":1,"minecraft:iron_leggings":2,"minecraft:anvil":1,"minecraft:white_bed":1,"minecraft:acacia_planks":12,"minecraft:torch":168,"minecraft:diamond_chestplate":1},"minecraft:mined":{"minecraft:dark_oak_planks":1,"minecraft:white_bed":3,"minecraft:farmland":1,"minecraft:cherry_log":43,"minecraft:sculk_vein":2,"minecraft:brewing_stand":1,"minecraft:obsidian":22,"minecraft:granite":13,"minecraft:acacia_log":3,"minecraft:grass_block":343,"minecraft:deepslate_bricks":3,"minecraft:composter":6,"minecraft:smooth_stone":3,"minecraft:tall_seagrass":25,"minecraft:magma_block":21,"minecraft:raw_iron_block":2,"minecraft:sculk_catalyst":2,"minecraft:cobbled_deepslate":4,"minecraft:iron_ore":4,"minecraft:fire":31,"minecraft:fletching_table":5,"minecraft:deepslate_lapis_ore":2,"minecraft:anvil":1,"minecraft:sculk_shrieker":3,"minecraft:oak_sign":1,"minecraft:dirt_path":18,"minecraft:oak_stairs":1,"minecraft:deepslate_redstone_ore":10,"minecraft:cut_sandstone":1,"minecraft:blackstone":38,"minecraft:kelp_plant":4,"minecraft:smoker":1,"minecraft:soul_fire":27,"minecraft:soul_lantern":5,"minecraft:torch":2,"minecraft:blast_furnace":14,"minecraft:poppy":4,"minecraft:chest":4,"minecraft:nether_quartz_ore":59,"minecraft:cobblestone":11,"minecraft:oak_planks":18,"minecraft:grindstone":2,"minecraft:sugar_cane":37,"minecraft:bricks":1,"minecraft:wall_torch":6,"minecraft:pink_petals":2,"minecraft:seagrass":24,"minecraft:white_terracotta":2,"minecraft:birch_log":47,"minecraft:wheat":26,"minecraft:lilac":5,"minecraft:black_bed":3,"minecraft:oak_log":470,"minecraft:beetroots":3,"minecraft:dirt":304,"minecraft:sand":120,"minecraft:stonecutter":1,"minecraft:ancient_debris":30,"minecraft:netherrack":1570,"minecraft:oak_leaves":149,"minecraft:deepslate":149,"minecraft:nether_gold_ore":19,"minecraft:tuff":22,"minecraft:mossy_cobblestone":1,"minecraft:deepslate_diamond_ore":3,"minecraft:cherry_sapling":1,"minecraft:stripped_cherry_log":1,"minecraft:sea_lantern":1,"minecraft:ladder":13,"minecraft:kelp":10,"minecraft:cartography_table":1,"minecraft:sandstone":5,"minecraft:hay_block":29,"minecraft:furnace":24,"minecraft:carrots":20,"minecraft:andesite":13,"minecraft:peony":24,"minecraft:bell":1,"minecraft:potatoes":8,"minecraft:deepslate_iron_ore":47,"minecraft:stone":699,"minecraft:bone_block":17,"minecraft:redstone_wall_torch":2,"minecraft:oak_slab":117,"minecraft:scaffolding":1,"minecraft:glass_pane":5,"minecraft:cherry_planks":6,"minecraft:dandelion":1,"minecraft:oak_fence":1,"minecraft:crafting_table":16,"minecraft:short_grass":455,"minecraft:rose_bush":5,"minecraft:sculk_sensor":7,"minecraft:lectern":72,"minecraft:tall_grass":36,"minecraft:copper_ore":9,"minecraft:deepslate_gold_ore":26,"minecraft:lapis_ore":3,"minecraft:cracked_deepslate_bricks":3,"minecraft:sculk":32,"minecraft:diorite":1,"minecraft:gray_wool":1,"minecraft:birch_leaves":5,"minecraft:yellow_bed":5,"minecraft:coal_ore":40,"minecraft:cherry_leaves":74,"minecraft:end_rod":2,"minecraft:sunflower":1,"minecraft:gravel":165,"minecraft:stone_bricks":13},"minecraft:dropped":{"minecraft:acacia_boat":1,"minecraft:iron_sword":1,"minecraft:brown_mushroom":1,"minecraft:lapis_lazuli":71,"minecraft:oak_log":37,"minecraft:diamond":98,"minecraft:crafting_table":1,"minecraft:cooked_porkchop":18,"minecraft:emerald":9,"minecraft:flint":1,"minecraft:dirt":101,"minecraft:cut_sandstone":1,"minecraft:netherite_boots":1,"minecraft:bone_meal":20,"minecraft:iron_pickaxe":1,"minecraft:black_concrete":1,"minecraft:birch_log":17,"minecraft:bone":2,"minecraft:stone_axe":3,"minecraft:gravel":14,"minecraft:blackstone":21,"minecraft:cobbled_deepslate":27,"minecraft:netherite_sword":1,"minecraft:wheat":8,"minecraft:cherry_sapling":3,"minecraft:beetroot":1,"minecraft:rotten_flesh":41,"minecraft:oak_planks":7,"minecraft:cooked_mutton":15,"minecraft:carrot":4,"minecraft:poppy":1,"minecraft:red_candle":1,"minecraft:gunpowder":1,"minecraft:beetroot_seeds":7,"minecraft:ladder":1,"minecraft:arrow":2,"minecraft:quartz":53,"minecraft:netherrack":286,"minecraft:enchanted_book":3,"minecraft:water_bucket":2,"minecraft:netherite_pickaxe":2,"minecraft:oak_slab":8,"minecraft:wheat_seeds":35,"minecraft:golden_helmet":2,"minecraft:tnt":64,"minecraft:mossy_cobblestone":1,"minecraft:netherite_helmet":1,"minecraft:netherite_axe":2,"minecraft:netherite_chestplate":1,"minecraft:feather":1,"minecraft:iron_helmet":1,"minecraft:cobblestone":260,"minecraft:apple":6,"minecraft:granite":6,"minecraft:command_block":1,"minecraft:stick":6,"minecraft:dried_kelp_block":1,"minecraft:milk_bucket":2,"minecraft:torch":118,"minecraft:cherry_planks":2,"minecraft:iron_leggings":2,"minecraft:armadillo_scute":5,"minecraft:paper":1,"minecraft:string":11,"minecraft:acacia_planks":3,"minecraft:redstone_block":1,"minecraft:dandelion":2,"minecraft:kelp":119,"minecraft:player_head":2,"minecraft:coarse_dirt":1,"minecraft:stone_sword":2,"minecraft:tuff":19,"minecraft:composter":3,"minecraft:stone_shovel":2,"minecraft:light_gray_wool":1,"minecraft:iron_boots":1,"minecraft:mangrove_door":1,"minecraft:green_concrete":1,"minecraft:netherite_leggings":1,"minecraft:wolf_armor":3,"minecraft:shield":1,"minecraft:peony":4,"minecraft:diamond_pickaxe":3,"minecraft:iron_chestplate":3,"minecraft:yellow_bed":4,"minecraft:oak_boat":3,"minecraft:oak_sapling":13,"minecraft:spider_eye":12,"minecraft:bow":2,"minecraft:stone_pickaxe":2,"minecraft:raw_gold":1,"minecraft:brown_stained_glass":1,"minecraft:magma_block":6},"minecraft:used":{"minecraft:cherry_sapling":84,"minecraft:iron_shovel":253,"minecraft:poppy":1,"minecraft:ladder":23,"minecraft:oak_sign":3,"minecraft:white_concrete_powder":2,"minecraft:chest":10,"minecraft:shield":55,"minecraft:stone":20,"minecraft:iron_sword":154,"minecraft:red_nether_brick_stairs":5,"minecraft:mangrove_hanging_sign":1,"minecraft:player_head":34,"minecraft:iron_chestplate":1,"minecraft:birch_pressure_plate":1,"minecraft:mutton":4,"minecraft:blue_stained_glass":1,"minecraft:orange_glazed_terracotta":1,"minecraft:carrot":10,"minecraft:milk_bucket":2,"minecraft:obsidian":11,"minecraft:lava_bucket":12,"minecraft:mangrove_log":1,"minecraft:coal_ore":1,"minecraft:villager_spawn_egg":36,"minecraft:mangrove_stairs":4,"minecraft:deepslate_copper_ore":1,"minecraft:grass_block":3,"minecraft:birch_sapling":1,"minecraft:stone_bricks":116,"minecraft:deepslate_diamond_ore":1,"minecraft:bow":571,"minecraft:magma_block":1,"minecraft:snow":2,"minecraft:scaffolding":6,"minecraft:oak_sapling":5,"minecraft:furnace":28,"minecraft:egg":1,"minecraft:potato":4,"minecraft:emerald_ore":1,"minecraft:mossy_stone_bricks":1,"minecraft:end_rod":6,"minecraft:birch_leaves":2,"minecraft:stone_pickaxe":220,"minecraft:oak_planks":290,"minecraft:mangrove_planks":1,"minecraft:blackstone":12,"minecraft:ender_pearl":1,"minecraft:wooden_pickaxe":19,"minecraft:sandstone":5,"minecraft:redstone_block":25,"minecraft:sugar_cane":3,"minecraft:sand":17,"minecraft:light_blue_concrete":1,"minecraft:blast_furnace":17,"minecraft:black_bed":9,"minecraft:deepslate_lapis_ore":5,"minecraft:redstone_torch":6,"minecraft:blue_glazed_terracotta":1,"minecraft:green_concrete":249,"minecraft:black_concrete":9,"minecraft:mangrove_door":19,"minecraft:dark_oak_log":1,"minecraft:brown_stained_glass":3,"minecraft:bread":9,"minecraft:lectern":138,"minecraft:gravel":107,"minecraft:soul_lantern":8,"minecraft:golden_helmet":1,"minecraft:grindstone":3,"minecraft:crimson_door":1,"minecraft:smithing_table":1,"minecraft:birch_log":1,"minecraft:deepslate_coal_ore":1,"minecraft:chain":11,"minecraft:andesite":9,"minecraft:pink_stained_glass":1,"minecraft:oak_boat":44,"minecraft:white_concrete":1,"minecraft:bone_meal":46,"minecraft:gray_stained_glass":37,"minecraft:cobweb":1,"minecraft:oak_fence":2,"minecraft:iron_bars":47,"minecraft:enchanting_table":1,"minecraft:stone_sword":25,"minecraft:armor_stand":1,"minecraft:flint_and_steel":61,"minecraft:cracked_deepslate_bricks":1,"minecraft:redstone_ore":1,"minecraft:red_concrete":7,"minecraft:stone_shovel":606,"minecraft:cooked_salmon":19,"minecraft:cooked_chicken":7,"minecraft:netherrack":55,"minecraft:orange_bed":1,"minecraft:torch":153,"minecraft:dirt":310,"minecraft:anvil":3,"minecraft:cod_bucket":1,"minecraft:warped_pressure_plate":1,"minecraft:glow_lichen":33,"minecraft:salmon_bucket":1,"minecraft:granite":2,"minecraft:orange_candle":1,"minecraft:wooden_axe":14,"minecraft:sea_lantern":4,"minecraft:iron_axe":714,"minecraft:jungle_log":1,"minecraft:red_candle":7,"minecraft:mud_bricks":1,"minecraft:beef":3,"minecraft:emerald_block":1,"minecraft:magenta_terracotta":1,"minecraft:horn_coral_block":8,"minecraft:cobbled_deepslate":27,"minecraft:cherry_log":7,"minecraft:mossy_stone_brick_wall":6,"minecraft:iron_leggings":1,"minecraft:deepslate_emerald_ore":1,"minecraft:crimson_stem":2,"minecraft:cooked_mutton":13,"minecraft:acacia_boat":2,"minecraft:water_bucket":61,"minecraft:warped_stem":1,"minecraft:mangrove_wood":3,"minecraft:snow_block":2,"minecraft:red_nether_bricks":41,"minecraft:cut_sandstone":7,"minecraft:purple_glazed_terracotta":1,"minecraft:cherry_planks":61,"minecraft:cauldron":1,"minecraft:green_bed":3,"minecraft:fletching_table":9,"minecraft:red_glazed_terracotta":1,"minecraft:gold_ore":1,"minecraft:crafting_table":31,"minecraft:tnt":17,"minecraft:lime_bed":1,"minecraft:oak_slab":349,"minecraft:red_bed":3,"minecraft:bamboo_block":18,"minecraft:white_bed":1,"minecraft:painting":16,"minecraft:brown_glazed_terracotta":2,"minecraft:bamboo_fence_gate":1,"minecraft:smoker":9,"minecraft:dark_oak_door":2,"minecraft:oak_log":78,"minecraft:purple_stained_glass":2,"minecraft:diamond_pickaxe":2669,"minecraft:apple":23,"minecraft:command_block":27,"minecraft:chicken":1,"minecraft:iron_pickaxe":113,"minecraft:netherite_axe":56,"minecraft:stone_axe":451,"minecraft:magenta_banner":1,"minecraft:pink_petals":58,"minecraft:pink_bed":4,"minecraft:fishing_rod":1,"minecraft:cobblestone":17,"minecraft:red_concrete_powder":70,"minecraft:cooked_porkchop":29,"minecraft:bucket":78,"minecraft:glass_pane":15,"minecraft:kelp":18,"minecraft:dandelion":1,"minecraft:diamond_leggings":1,"minecraft:candle":2,"minecraft:smooth_stone":108},"minecraft:picked_up":{"minecraft:iron_chestplate":2,"minecraft:wheat":4,"minecraft:anvil":1,"minecraft:lead":3,"minecraft:oak_stairs":1,"minecraft:enchanted_book":2,"minecraft:brewing_stand":1,"minecraft:string":32,"minecraft:raw_copper":24,"minecraft:iron_leggings":1,"minecraft:oak_sign":1,"minecraft:beetroot":1,"minecraft:cobbled_deepslate":156,"minecraft:gold_nugget":37,"minecraft:smooth_stone":3,"minecraft:bucket":1,"minecraft:redstone_torch":2,"minecraft:rose_bush":2,"minecraft:furnace":24,"minecraft:golden_helmet":2,"minecraft:stick":342,"minecraft:composter":3,"minecraft:oak_fence":1,"minecraft:torch":79,"minecraft:acacia_log":3,"minecraft:porkchop":5,"minecraft:cherry_log":35,"minecraft:stone_sword":1,"minecraft:rotten_flesh":75,"minecraft:armadillo_scute":18,"minecraft:end_rod":2,"minecraft:netherite_chestplate":1,"minecraft:obsidian":22,"minecraft:iron_bars":1,"minecraft:cobblestone":805,"minecraft:birch_log":48,"minecraft:pink_petals":60,"minecraft:magma_block":8,"minecraft:feather":16,"minecraft:lilac":5,"minecraft:magma_cream":1,"minecraft:cherry_planks":7,"minecraft:water_bucket":1,"minecraft:andesite":17,"minecraft:black_bed":3,"minecraft:potato":22,"minecraft:smoker":1,"minecraft:flint":11,"minecraft:tuff":35,"minecraft:acacia_boat":2,"minecraft:dirt":683,"minecraft:netherite_leggings":1,"minecraft:lapis_lazuli":56,"minecraft:magenta_terracotta":1,"minecraft:bone":26,"minecraft:bow":2,"minecraft:stonecutter":1,"minecraft:wheat_seeds":92,"minecraft:raw_gold":27,"minecraft:bell":1,"minecraft:light_blue_dye":1,"minecraft:grindstone":2,"minecraft:fletching_table":4,"minecraft:oak_planks":694,"minecraft:cooked_porkchop":9,"minecraft:sand":113,"minecraft:grass_block":2,"minecraft:mossy_cobblestone":1,"minecraft:diamond":131,"minecraft:netherite_helmet":1,"minecraft:soul_lantern":6,"minecraft:granite":14,"minecraft:bone_meal":21,"minecraft:emerald":6,"minecraft:oak_sapling":41,"minecraft:netherrack":699,"minecraft:bricks":1,"minecraft:diamond_pickaxe":4,"minecraft:crafting_table":13,"minecraft:chicken":11,"minecraft:ladder":14,"minecraft:brown_mushroom":1,"minecraft:wooden_pickaxe":1,"minecraft:diamond_horse_armor":1,"minecraft:stripped_cherry_log":1,"minecraft:blackstone":37,"minecraft:cartography_table":1,"minecraft:candle":2,"minecraft:beef":20,"minecraft:oak_boat":36,"minecraft:player_head":1,"minecraft:poppy":5,"minecraft:light_gray_wool":1,"minecraft:lectern":72,"minecraft:chest":4,"minecraft:sugar_cane":73,"minecraft:birch_sapling":6,"minecraft:egg":3,"minecraft:raw_iron":170,"minecraft:sandstone":5,"minecraft:stone":3,"minecraft:carrot":30,"minecraft:redstone":44,"minecraft:netherite_pickaxe":1,"minecraft:prismarine_crystals":2,"minecraft:tnt":26,"minecraft:arrow":22,"minecraft:beetroot_seeds":7,"minecraft:peony":19,"minecraft:deepslate_bricks":3,"minecraft:hay_block":29,"minecraft:cracked_deepslate_bricks":3,"minecraft:mutton":13,"minecraft:bone_block":10,"minecraft:white_wool":8,"minecraft:netherite_boots":1,"minecraft:salmon":5,"minecraft:leather":14,"minecraft:cut_sandstone":1,"minecraft:wolf_armor":1,"minecraft:oak_log":467,"minecraft:ancient_debris":29,"minecraft:yellow_bed":5,"minecraft:gunpowder":3,"minecraft:paper":1,"minecraft:cooked_mutton":8,"minecraft:apple":12,"minecraft:stone_bricks":13,"minecraft:kelp":170,"minecraft:iron_ingot":10,"minecraft:stone_pickaxe":2,"minecraft:scaffolding":6,"minecraft:oak_slab":145,"minecraft:milk_bucket":1,"minecraft:quartz":54,"minecraft:dandelion":4,"minecraft:raw_iron_block":2,"minecraft:gravel":151,"minecraft:blast_furnace":14,"minecraft:white_bed":2,"minecraft:spider_eye":10,"minecraft:dried_kelp_block":8,"minecraft:stone_axe":3,"minecraft:painting":15,"minecraft:cherry_sapling":108,"minecraft:gray_wool":2,"minecraft:black_wool":2,"minecraft:coal":153,"minecraft:ender_pearl":2},"minecraft:killed_by":{"minecraft:zombified_piglin":6,"minecraft:creeper":1,"minecraft:drowned":1,"minecraft:magma_cube":1,"minecraft:piglin":1,"minecraft:zombie":6,"minecraft:player":26,"minecraft:spider":3,"minecraft:enderman":1,"minecraft:warden":12,"minecraft:skeleton":3},"minecraft:custom":{"minecraft:interact_with_crafting_table":164,"minecraft:leave_game":19,"minecraft:time_since_death":15034,"minecraft:sprint_one_cm":2057035,"minecraft:damage_blocked_by_shield":1944,"minecraft:drop":273,"minecraft:talked_to_villager":266,"minecraft:play_time":1237481,"minecraft:deaths":111,"minecraft:jump":14627,"minecraft:walk_on_water_one_cm":167624,"minecraft:enchant_item":16,"minecraft:interact_with_furnace":149,"minecraft:traded_with_villager":64,"minecraft:interact_with_cartography_table":1,"minecraft:sleep_in_bed":20,"minecraft:damage_dealt":33908,"minecraft:player_kills":15,"minecraft:crouch_one_cm":146713,"minecraft:interact_with_smoker":8,"minecraft:horse_one_cm":1218,"minecraft:interact_with_smithing_table":4,"minecraft:mob_kills":303,"minecraft:interact_with_anvil":7,"minecraft:climb_one_cm":128867,"minecraft:walk_one_cm":2481479,"minecraft:damage_dealt_absorbed":4,"minecraft:sneak_time":52039,"minecraft:walk_under_water_one_cm":79451,"minecraft:boat_one_cm":1406151,"minecraft:interact_with_blast_furnace":127,"minecraft:total_world_time":1237481,"minecraft:interact_with_grindstone":10,"minecraft:time_since_rest":15071,"minecraft:damage_taken":27681,"minecraft:trigger_trapped_chest":2,"minecraft:swim_one_cm":233507,"minecraft:fly_one_cm":3375810,"minecraft:open_chest":523,"minecraft:fall_one_cm":360131}},"DataVersion":3839}