{"stats":{"minecraft:custom":{"minecraft:animals_bred":1,"minecraft:interact_with_crafting_table":85,"minecraft:bell_ring":19,"minecraft:leave_game":17,"minecraft:time_since_death":82487,"minecraft:sprint_one_cm":1206514,"minecraft:drop":85,"minecraft:talked_to_villager":77,"minecraft:play_time":1269764,"minecraft:deaths":77,"minecraft:jump":9312,"minecraft:walk_on_water_one_cm":199484,"minecraft:enchant_item":4,"minecraft:interact_with_furnace":107,"minecraft:play_record":7,"minecraft:traded_with_villager":54,"minecraft:sleep_in_bed":19,"minecraft:damage_dealt":25310,"minecraft:player_kills":25,"minecraft:crouch_one_cm":154491,"minecraft:interact_with_smoker":7,"minecraft:interact_with_smithing_table":2,"minecraft:mob_kills":176,"minecraft:interact_with_anvil":11,"minecraft:climb_one_cm":141635,"minecraft:walk_one_cm":3448233,"minecraft:sneak_time":55638,"minecraft:walk_under_water_one_cm":170365,"minecraft:boat_one_cm":1612581,"minecraft:interact_with_blast_furnace":54,"minecraft:total_world_time":1269764,"minecraft:pot_flower":5,"minecraft:interact_with_grindstone":5,"minecraft:interact_with_stonecutter":1,"minecraft:time_since_rest":82514,"minecraft:damage_taken":20422,"minecraft:damage_absorbed":37,"minecraft:trigger_trapped_chest":17,"minecraft:swim_one_cm":182626,"minecraft:fly_one_cm":2974398,"minecraft:open_chest":738,"minecraft:fall_one_cm":197712},"minecraft:crafted":{"minecraft:black_dye":3,"minecraft:oak_planks":1576,"minecraft:oak_sign":3,"minecraft:cooked_chicken":2,"minecraft:cooked_mutton":1,"minecraft:glass":44,"minecraft:diamond_helmet":2,"minecraft:chest":27,"minecraft:dried_kelp_block":19,"minecraft:stone_hoe":1,"minecraft:oak_fence":18,"minecraft:oak_slab":78,"minecraft:emerald":51,"minecraft:crafting_table":6,"minecraft:wooden_pickaxe":1,"minecraft:birch_planks":268,"minecraft:iron_chestplate":2,"minecraft:diamond_pickaxe":1,"minecraft:stick":2260,"minecraft:iron_ingot":14,"minecraft:stone_sword":1,"minecraft:black_bed":1,"minecraft:gold_ingot":68,"minecraft:cherry_planks":68,"minecraft:oak_door":3,"minecraft:furnace":1,"minecraft:bone_meal":90,"minecraft:white_carpet":3,"minecraft:iron_axe":2,"minecraft:stone_pickaxe":7,"minecraft:golden_helmet":3,"minecraft:birch_sign":24,"minecraft:cooked_beef":4,"minecraft:dried_kelp":201,"minecraft:bucket":2,"minecraft:enchanted_book":2,"minecraft:air":0,"minecraft:flint":10,"minecraft:wooden_axe":5,"minecraft:white_bed":1},"minecraft:dropped":{"minecraft:lapis_lazuli":97,"minecraft:diamond":60,"minecraft:black_bed":1,"minecraft:leather":2,"minecraft:emerald":47,"minecraft:dirt":4,"minecraft:netherite_boots":1,"minecraft:black_concrete":1,"minecraft:sugar_cane":16,"minecraft:rotten_flesh":15,"minecraft:oak_planks":650,"minecraft:salmon":4,"minecraft:lectern":1,"minecraft:enchanted_book":1,"minecraft:water_bucket":1,"minecraft:purple_terracotta":1,"minecraft:netherite_pickaxe":1,"minecraft:wheat_seeds":3,"minecraft:golden_helmet":1,"minecraft:tnt":26,"minecraft:netherite_helmet":2,"minecraft:netherite_chestplate":2,"minecraft:apple":5,"minecraft:piglin_head":1,"minecraft:stick":256,"minecraft:diamond_horse_armor":1,"minecraft:dried_kelp_block":7,"minecraft:iron_door":1,"minecraft:iron_leggings":1,"minecraft:bucket":2,"minecraft:pink_petals":5,"minecraft:kelp":8,"minecraft:player_head":1,"minecraft:raw_iron":95,"minecraft:netherite_leggings":1,"minecraft:light_blue_dye":1,"minecraft:diamond_pickaxe":6,"minecraft:iron_chestplate":1,"minecraft:oak_sapling":2,"minecraft:black_wool":2,"minecraft:magenta_terracotta":1},"minecraft:killed":{"minecraft:zombified_piglin":6,"minecraft:spider":14,"minecraft:skeleton":21,"minecraft:chicken":14,"minecraft:turtle":3,"minecraft:piglin":4,"minecraft:wolf":2,"minecraft:magma_cube":4,"minecraft:pig":17,"minecraft:zombie_villager":1,"minecraft:salmon":13,"minecraft:creeper":2,"minecraft:sheep":20,"minecraft:trader_llama":2,"minecraft:pillager":1,"minecraft:zombie":23,"minecraft:cow":7,"minecraft:drowned":3,"minecraft:squid":1,"minecraft:villager":1},"minecraft:broken":{"minecraft:golden_helmet":2,"minecraft:iron_boots":1,"minecraft:iron_chestplate":2,"minecraft:iron_leggings":2,"minecraft:stone_pickaxe":6,"minecraft:golden_sword":1,"minecraft:wooden_axe":6,"minecraft:stone_sword":1,"minecraft:wooden_pickaxe":1,"minecraft:iron_axe":2,"minecraft:iron_pickaxe":1,"minecraft:iron_helmet":1},"minecraft:used":{"minecraft:beetroot":1,"minecraft:peony":40,"minecraft:cherry_sapling":22,"minecraft:moss_carpet":1,"minecraft:waxed_exposed_cut_copper":1,"minecraft:red_sand":8,"minecraft:oak_sign":4,"minecraft:poppy":10,"minecraft:mangrove_fence_gate":3,"minecraft:black_carpet":7,"minecraft:chest":35,"minecraft:white_terracotta":169,"minecraft:stone":18,"minecraft:iron_sword":30,"minecraft:stripped_jungle_wood":1,"minecraft:player_head":109,"minecraft:warped_sign":1,"minecraft:green_terracotta":3,"minecraft:iron_chestplate":1,"minecraft:white_candle":1,"minecraft:mutton":2,"minecraft:lily_of_the_valley":1,"minecraft:carrot":101,"minecraft:tuff":27,"minecraft:azure_bluet":1,"minecraft:milk_bucket":2,"minecraft:music_disc_relic":1,"minecraft:glass":13,"minecraft:lava_bucket":34,"minecraft:red_wool":1,"minecraft:honey_block":1,"minecraft:coal_ore":1,"minecraft:bricks":2,"minecraft:villager_spawn_egg":1,"minecraft:mangrove_stairs":44,"minecraft:warped_hyphae":1,"minecraft:grass_block":23,"minecraft:lantern":5,"minecraft:deepslate_copper_ore":1,"minecraft:birch_sapling":2,"minecraft:music_disc_chirp":4,"minecraft:cherry_button":10,"minecraft:raw_gold_block":1,"minecraft:stone_bricks":38,"minecraft:bedrock":141,"minecraft:netherite_boots":4,"minecraft:golden_sword":4,"minecraft:deepslate_diamond_ore":1,"minecraft:reinforced_deepslate":1,"minecraft:bow":134,"minecraft:hay_block":5,"minecraft:scaffolding":14,"minecraft:oak_sapling":4,"minecraft:furnace":1,"minecraft:beetroot_seeds":14,"minecraft:pink_concrete_powder":8,"minecraft:pearlescent_froglight":4,"minecraft:potato":46,"minecraft:seagrass":4,"minecraft:lime_glazed_terracotta":1,"minecraft:mossy_stone_bricks":1,"minecraft:brick_wall":1,"minecraft:red_stained_glass":13,"minecraft:stone_pickaxe":894,"minecraft:prismarine":1,"minecraft:oak_planks":280,"minecraft:blackstone":3,"minecraft:wooden_pickaxe":37,"minecraft:black_glazed_terracotta":50,"minecraft:composter":1,"minecraft:parrot_spawn_egg":9,"minecraft:sugar_cane":16,"minecraft:white_wool":3,"minecraft:golden_apple":1,"minecraft:glow_berries":5,"minecraft:sand":200,"minecraft:netherite_leggings":4,"minecraft:light_gray_terracotta":44,"minecraft:deepslate_redstone_ore":1,"minecraft:netherite_helmet":4,"minecraft:black_bed":4,"minecraft:gray_concrete":19,"minecraft:stripped_cherry_wood":47,"minecraft:deepslate_lapis_ore":2,"minecraft:deepslate_tiles":25,"minecraft:redstone_torch":8,"minecraft:lever":5,"minecraft:green_concrete":1,"minecraft:black_concrete":200,"minecraft:cherry_hanging_sign":5,"minecraft:crying_obsidian":1,"minecraft:daylight_detector":2,"minecraft:mangrove_door":23,"minecraft:deepslate_iron_ore":1,"minecraft:light_gray_concrete":214,"minecraft:music_disc_mall":1,"minecraft:bread":9,"minecraft:melon_slice":17,"minecraft:stone_button":1,"minecraft:lectern":4,"minecraft:red_terracotta":63,"minecraft:polished_granite":1,"minecraft:diamond_ore":1,"minecraft:iron_door":5,"minecraft:gravel":2,"minecraft:flowering_azalea_leaves":12,"minecraft:lilac":5,"minecraft:soul_lantern":3,"minecraft:golden_helmet":2,"minecraft:smithing_table":1,"minecraft:crimson_door":3,"minecraft:piglin_spawn_egg":2,"minecraft:deepslate_coal_ore":1,"minecraft:andesite":1,"minecraft:chain":28,"minecraft:pink_stained_glass":40,"minecraft:oak_boat":20,"minecraft:stripped_cherry_log":1,"minecraft:white_concrete":11,"minecraft:coarse_dirt":32,"minecraft:bone_meal":1,"minecraft:experience_bottle":3,"minecraft:cobweb":7,"minecraft:azalea":1,"minecraft:oak_fence":13,"minecraft:oak_trapdoor":1,"minecraft:netherite_sword":58,"minecraft:rose_bush":22,"minecraft:iron_bars":47,"minecraft:stone_sword":321,"minecraft:granite_stairs":1,"minecraft:acacia_log":1,"minecraft:flint_and_steel":17,"minecraft:armor_stand":4,"minecraft:stone_shovel":9,"minecraft:dried_kelp":4,"minecraft:deepslate_gold_ore":1,"minecraft:sandstone_wall":1,"minecraft:stone_hoe":59,"minecraft:cooked_chicken":1,"minecraft:dried_kelp_block":1,"minecraft:netherrack":128,"minecraft:oak_door":2,"minecraft:torch":67,"minecraft:dirt":292,"minecraft:white_carpet":10,"minecraft:spruce_stairs":1,"minecraft:diamond_helmet":1,"minecraft:glow_lichen":13,"minecraft:jungle_trapdoor":8,"minecraft:mud_brick_stairs":1,"minecraft:granite":8,"minecraft:purple_banner":1,"minecraft:wooden_axe":313,"minecraft:brown_terracotta":3,"minecraft:bamboo_fence":1,"minecraft:iron_axe":446,"minecraft:muddy_mangrove_roots":1,"minecraft:cherry_slab":3,"minecraft:slime_block":1,"minecraft:smooth_sandstone":3,"minecraft:cherry_trapdoor":16,"minecraft:red_candle":8,"minecraft:melon_seeds":6,"minecraft:basalt":20,"minecraft:raw_copper_block":2,"minecraft:magenta_terracotta":106,"minecraft:pitcher_plant":2,"minecraft:wolf_spawn_egg":1,"minecraft:netherite_pickaxe":31,"minecraft:turtle_egg":3,"minecraft:zombified_piglin_spawn_egg":1,"minecraft:trapped_chest":3,"minecraft:granite_wall":2,"minecraft:cooked_beef":4,"minecraft:cherry_log":77,"minecraft:cobbled_deepslate":175,"minecraft:iron_leggings":1,"minecraft:brown_bed":1,"minecraft:crimson_hanging_sign":3,"minecraft:crimson_stem":2,"minecraft:wheat_seeds":46,"minecraft:cooked_mutton":8,"minecraft:acacia_boat":1,"minecraft:water_bucket":138,"minecraft:iron_ore":2,"minecraft:tube_coral_block":4,"minecraft:birch_planks":115,"minecraft:netherite_chestplate":4,"minecraft:red_nether_bricks":12,"minecraft:pink_banner":2,"minecraft:cherry_planks":67,"minecraft:cut_sandstone":17,"minecraft:magenta_stained_glass":1,"minecraft:sniffer_egg":25,"minecraft:fletching_table":2,"minecraft:beacon":1,"minecraft:deepslate_bricks":1,"minecraft:gilded_blackstone":1,"minecraft:mossy_cobblestone":1,"minecraft:music_disc_cat":1,"minecraft:vine":3,"minecraft:tnt":63,"minecraft:oak_slab":182,"minecraft:crafting_table":14,"minecraft:birch_sign":26,"minecraft:bamboo_block":4,"minecraft:white_bed":4,"minecraft:campfire":2,"minecraft:mushroom_stem":4,"minecraft:brown_glazed_terracotta":143,"minecraft:painting":10,"minecraft:piglin_head":2,"minecraft:bamboo_fence_gate":2,"minecraft:dark_oak_door":2,"minecraft:spruce_log":1,"minecraft:oak_log":32,"minecraft:purple_stained_glass":1,"minecraft:amethyst_cluster":5,"minecraft:dark_prismarine":1,"minecraft:flower_pot":4,"minecraft:light":1,"minecraft:diamond_pickaxe":630,"minecraft:apple":2,"minecraft:iron_pickaxe":312,"minecraft:netherite_axe":549,"minecraft:lapis_ore":2,"minecraft:cyan_concrete":4,"minecraft:budding_amethyst":1,"minecraft:stone_axe":90,"minecraft:pink_petals":152,"minecraft:pink_bed":3,"minecraft:cobblestone":234,"minecraft:mud_brick_wall":1,"minecraft:red_concrete_powder":3,"minecraft:white_banner":2,"minecraft:cooked_porkchop":8,"minecraft:bucket":82,"minecraft:magenta_glazed_terracotta":1,"minecraft:yellow_bed":1,"minecraft:polished_blackstone_button":1,"minecraft:gray_wool":2,"minecraft:jukebox":2,"minecraft:kelp":9,"minecraft:dandelion":7,"minecraft:diamond_leggings":1,"minecraft:candle":1,"minecraft:smooth_stone":155},"minecraft:mined":{"minecraft:white_bed":4,"minecraft:pink_bed":1,"minecraft:cherry_log":250,"minecraft:sculk_vein":8,"minecraft:obsidian":1,"minecraft:cave_vines_plant":1,"minecraft:granite":9,"minecraft:grass_block":52,"minecraft:soul_soil":1,"minecraft:crimson_fungus":1,"minecraft:tall_seagrass":8,"minecraft:sculk_catalyst":1,"minecraft:glowstone":17,"minecraft:iron_ore":15,"minecraft:cobbled_deepslate":26,"minecraft:fire":51,"minecraft:pumpkin":5,"minecraft:deepslate_lapis_ore":6,"minecraft:fletching_table":1,"minecraft:sculk_shrieker":1,"minecraft:cave_vines":11,"minecraft:oak_sign":1,"minecraft:iron_bars":8,"minecraft:birch_wall_sign":8,"minecraft:azalea":3,"minecraft:player_head":1,"minecraft:deepslate_redstone_ore":21,"minecraft:brown_mushroom":5,"minecraft:blackstone":3,"minecraft:kelp_plant":207,"minecraft:player_wall_head":3,"minecraft:melon_stem":1,"minecraft:soul_fire":2,"minecraft:piglin_head":1,"minecraft:soul_lantern":1,"minecraft:torch":10,"minecraft:light_gray_terracotta":6,"minecraft:calcite":36,"minecraft:poppy":8,"minecraft:melon":5,"minecraft:chest":11,"minecraft:dead_bush":3,"minecraft:nether_quartz_ore":199,"minecraft:glass":13,"minecraft:cobblestone":4,"minecraft:sugar_cane":2,"minecraft:oak_planks":137,"minecraft:wall_torch":5,"minecraft:pink_petals":91,"minecraft:seagrass":8,"minecraft:white_terracotta":3,"minecraft:chain":5,"minecraft:birch_log":50,"minecraft:wheat":52,"minecraft:lilac":5,"minecraft:black_bed":3,"minecraft:oak_log":324,"minecraft:beetroots":16,"minecraft:sand":52,"minecraft:dirt":119,"minecraft:netherrack":235,"minecraft:oak_leaves":36,"minecraft:deepslate":385,"minecraft:nether_gold_ore":86,"minecraft:tuff":76,"minecraft:deepslate_diamond_ore":49,"minecraft:candle":4,"minecraft:oak_door":1,"minecraft:cherry_sapling":2,"minecraft:stripped_cherry_log":1,"minecraft:dark_oak_log":2,"minecraft:glow_lichen":1,"minecraft:red_mushroom":9,"minecraft:kelp":63,"minecraft:moss_block":1,"minecraft:hay_block":6,"minecraft:carrots":72,"minecraft:andesite":5,"minecraft:piglin_wall_head":1,"minecraft:peony":61,"minecraft:potatoes":39,"minecraft:shroomlight":3,"minecraft:deepslate_iron_ore":83,"minecraft:vine":3,"minecraft:stone":159,"minecraft:bone_block":48,"minecraft:white_wool":2,"minecraft:smithing_table":1,"minecraft:oak_slab":250,"minecraft:scaffolding":1,"minecraft:flowering_azalea":7,"minecraft:soul_sand":12,"minecraft:basalt":21,"minecraft:dandelion":5,"minecraft:polished_granite":1,"minecraft:oak_fence":13,"minecraft:crafting_table":12,"minecraft:short_grass":212,"minecraft:rose_bush":38,"minecraft:sculk_sensor":8,"minecraft:tall_grass":31,"minecraft:copper_ore":4,"minecraft:dried_kelp_block":1,"minecraft:deepslate_gold_ore":40,"minecraft:lapis_ore":1,"minecraft:lily_pad":1,"minecraft:sculk":94,"minecraft:diorite":11,"minecraft:gray_wool":3,"minecraft:red_terracotta":50,"minecraft:magenta_terracotta":6,"minecraft:white_carpet":3,"minecraft:white_wall_banner":2,"minecraft:bee_nest":1,"minecraft:yellow_bed":3,"minecraft:coal_ore":57,"minecraft:cherry_leaves":72,"minecraft:sunflower":31,"minecraft:gravel":22,"minecraft:terracotta":23,"minecraft:stone_bricks":2,"minecraft:gold_ore":10},"minecraft:killed_by":{"minecraft:zombified_piglin":1,"minecraft:drowned":3,"minecraft:magma_cube":1,"minecraft:piglin":2,"minecraft:zombie":7,"minecraft:player":15,"minecraft:spider":1,"minecraft:warden":9,"minecraft:skeleton":5},"minecraft:picked_up":{"minecraft:wooden_axe":1,"minecraft:seagrass":4,"minecraft:iron_chestplate":2,"minecraft:wheat":71,"minecraft:stone_slab":5,"minecraft:smithing_table":1,"minecraft:lead":9,"minecraft:oak_stairs":2,"minecraft:potion":2,"minecraft:enchanted_book":2,"minecraft:golden_sword":1,"minecraft:music_disc_cat":2,"minecraft:string":9,"minecraft:raw_copper":38,"minecraft:soul_soil":1,"minecraft:iron_leggings":3,"minecraft:red_candle":1,"minecraft:shroomlight":3,"minecraft:oak_sign":5,"minecraft:beetroot":19,"minecraft:diamond_leggings":2,"minecraft:smooth_stone":3,"minecraft:gold_nugget":382,"minecraft:cobbled_deepslate":544,"minecraft:bucket":1,"minecraft:rose_bush":62,"minecraft:calcite":34,"minecraft:iron_pickaxe":1,"minecraft:melon_slice":29,"minecraft:iron_boots":1,"minecraft:furnace":4,"minecraft:golden_helmet":1,"minecraft:stick":59,"minecraft:composter":1,"minecraft:brown_terracotta":4,"minecraft:oak_fence":18,"minecraft:torch":145,"minecraft:porkchop":34,"minecraft:cherry_log":251,"minecraft:diorite":11,"minecraft:stone_sword":1,"minecraft:rotten_flesh":92,"minecraft:armadillo_scute":14,"minecraft:white_terracotta":3,"minecraft:netherite_chestplate":2,"minecraft:mangrove_door":3,"minecraft:obsidian":8,"minecraft:iron_bars":7,"minecraft:cobblestone":491,"minecraft:birch_log":67,"minecraft:pink_petals":359,"minecraft:magma_block":1,"minecraft:feather":33,"minecraft:lilac":9,"minecraft:water_bucket":3,"minecraft:magma_cream":1,"minecraft:cherry_planks":1,"minecraft:iron_door":1,"minecraft:andesite":4,"minecraft:black_bed":4,"minecraft:brown_wool":2,"minecraft:potato":144,"minecraft:flint":14,"minecraft:magenta_dye":1,"minecraft:tuff":91,"minecraft:acacia_boat":1,"minecraft:netherite_leggings":1,"minecraft:lapis_lazuli":257,"minecraft:magenta_terracotta":6,"minecraft:dirt":627,"minecraft:polished_granite":1,"minecraft:name_tag":2,"minecraft:bone":52,"minecraft:glass":59,"minecraft:acacia_planks":1,"minecraft:bow":2,"minecraft:wheat_seeds":199,"minecraft:raw_gold":49,"minecraft:netherite_axe":2,"minecraft:fletching_table":2,"minecraft:glowstone_dust":33,"minecraft:stone_hoe":1,"minecraft:oak_planks":340,"minecraft:ghast_tear":1,"minecraft:cooked_porkchop":9,"minecraft:music_disc_13":1,"minecraft:sand":201,"minecraft:ink_sac":3,"minecraft:red_terracotta":47,"minecraft:mossy_cobblestone":1,"minecraft:light_gray_concrete":6,"minecraft:light_gray_terracotta":14,"minecraft:diamond":108,"minecraft:black_concrete":1,"minecraft:netherite_helmet":2,"minecraft:soul_lantern":4,"minecraft:lever":1,"minecraft:granite":13,"minecraft:golden_apple":1,"minecraft:emerald":50,"minecraft:oak_sapling":23,"minecraft:netherrack":167,"minecraft:bricks":1,"minecraft:diamond_pickaxe":6,"minecraft:crafting_table":20,"minecraft:coarse_dirt":1,"minecraft:azure_bluet":1,"minecraft:chicken":28,"minecraft:brown_mushroom":12,"minecraft:stripped_cherry_log":1,"minecraft:chain":5,"minecraft:shield":2,"minecraft:flint_and_steel":1,"minecraft:white_carpet":3,"minecraft:blackstone":3,"minecraft:candle":16,"minecraft:netherite_sword":1,"minecraft:music_disc_otherside":1,"minecraft:beef":37,"minecraft:oak_boat":20,"minecraft:player_head":7,"minecraft:poppy":13,"minecraft:lectern":1,"minecraft:sugar_cane":4,"minecraft:chest":11,"minecraft:birch_sapling":5,"minecraft:egg":2,"minecraft:raw_iron":140,"minecraft:stone":3,"minecraft:oak_door":4,"minecraft:copper_ingot":1,"minecraft:brown_glazed_terracotta":8,"minecraft:carrot":250,"minecraft:redstone":175,"minecraft:netherite_pickaxe":2,"minecraft:purple_terracotta":1,"minecraft:tnt":79,"minecraft:stone_shovel":2,"minecraft:arrow":25,"minecraft:beetroot_seeds":44,"minecraft:peony":97,"minecraft:deepslate_bricks":3,"minecraft:hay_block":10,"minecraft:cracked_deepslate_bricks":2,"minecraft:saddle":2,"minecraft:glow_berries":4,"minecraft:mutton":52,"minecraft:bone_block":51,"minecraft:white_wool":38,"minecraft:rail":10,"minecraft:netherite_boots":1,"minecraft:basalt":20,"minecraft:salmon":18,"minecraft:leather":16,"minecraft:red_mushroom":16,"minecraft:wolf_armor":2,"minecraft:crimson_fungus":1,"minecraft:oak_log":363,"minecraft:lily_pad":1,"minecraft:yellow_bed":11,"minecraft:gunpowder":8,"minecraft:white_banner":3,"minecraft:piglin_head":2,"minecraft:cooked_mutton":12,"minecraft:kelp":989,"minecraft:apple":9,"minecraft:stone_bricks":2,"minecraft:stone_pickaxe":1,"minecraft:iron_ingot":6,"minecraft:cooked_chicken":1,"minecraft:iron_sword":1,"minecraft:soul_sand":12,"minecraft:music_disc_chirp":2,"minecraft:book":15,"minecraft:sculk_catalyst":2,"minecraft:pink_bed":1,"minecraft:scaffolding":4,"minecraft:oak_slab":241,"minecraft:milk_bucket":1,"minecraft:pumpkin":10,"minecraft:sculk":4,"minecraft:quartz":252,"minecraft:dandelion":9,"minecraft:gravel":41,"minecraft:amethyst_shard":15,"minecraft:soul_torch":26,"minecraft:white_bed":6,"minecraft:spider_eye":11,"minecraft:music_disc_mall":3,"minecraft:sculk_sensor":1,"minecraft:dried_kelp_block":1,"minecraft:stone_axe":1,"minecraft:iron_helmet":1,"minecraft:painting":10,"minecraft:birch_sign":9,"minecraft:cherry_sapling":71,"minecraft:gray_wool":8,"minecraft:melon_seeds":1,"minecraft:black_wool":4,"minecraft:coal":57,"minecraft:sunflower":37}},"DataVersion":3839}