{"stats":{"minecraft:custom":{"minecraft:mob_kills":10,"minecraft:interact_with_crafting_table":26,"minecraft:bell_ring":1,"minecraft:eat_cake_slice":1,"minecraft:leave_game":7,"minecraft:time_since_death":2139,"minecraft:climb_one_cm":4983,"minecraft:sprint_one_cm":542028,"minecraft:walk_one_cm":1333972,"minecraft:drop":19,"minecraft:play_time":199198,"minecraft:deaths":23,"minecraft:sneak_time":8538,"minecraft:walk_under_water_one_cm":16146,"minecraft:jump":1966,"minecraft:walk_on_water_one_cm":40653,"minecraft:total_world_time":199198,"minecraft:interact_with_furnace":4,"minecraft:sleep_in_bed":9,"minecraft:time_since_rest":1945,"minecraft:waystone_activated":1,"minecraft:damage_taken":6136,"minecraft:damage_dealt":1670,"minecraft:swim_one_cm":3560,"minecraft:fly_one_cm":436810,"minecraft:player_kills":3,"minecraft:open_chest":79,"minecraft:crouch_one_cm":40239,"tombstone:undead_killed":2,"minecraft:fall_one_cm":23938},"minecraft:mined":{"minecraft:dark_oak_planks":1,"alexscaves:spelunkery_table":1,"iceandfire:lightning_lily":1,"biomesoplenty:mossy_black_sand":4,"minecraft:tuff":11,"minecraft:white_bed":4,"minecraft:oak_sapling":1,"minecraft:farmland":7,"minecraft:deepslate_diamond_ore":3,"minecraft:candle":1,"alexsmobs:leafcutter_anthill":1,"farmersdelight:wild_carrots":13,"minecraft:mangrove_roots":1,"minecraft:allium":4,"minecraft:grass_block":8,"alexsmobs:leafcutter_ant_chamber":1,"farmersdelight:tomatoes":13,"minecraft:potted_bamboo":1,"minecraft:composter":1,"minecraft:oak_wall_sign":1,"farmersdelight:wild_onions":5,"minecraft:magma_block":6,"biomesoplenty:toadstool":3,"treechop:chopped_log":6,"minecraft:peony":7,"farmersdelight:rope":2,"minecraft:vine":1,"minecraft:dirt_path":4,"minecraft:rail":1,"biomesoplenty:webbing":1,"biomesoplenty:spider_egg":2,"minecraft:cake":1,"doggytalents:rice_crop":20,"supplementaries:book_pile_horizontal":1,"minecraft:acacia_leaves":2,"minecraft:scaffolding":2,"farmersdelight:organic_compost":3,"biomesoplenty:wildflower":1,"minecraft:brown_carpet":2,"biomesoplenty:black_sand":3,"travelersbackpack:standard":5,"minecraft:torch":1,"minecraft:melon":6,"minecraft:chest":2,"minecraft:rose_bush":10,"iceandfire:fire_lily":2,"farmersdelight:cabbages":5,"minecraft:tall_grass":1,"spelunkers_charm:deepslate_geyser":3,"biomesoplenty:sprout":66,"biomesoplenty:huge_clover_petal":11,"minecraft:oak_planks":1,"minecraft:amethyst_block":2,"supplementaries:urn":1,"minecraft:wheat":6,"minecraft:grass":70,"biomesoplenty:clover":1,"minecraft:cocoa":1,"minecraft:acacia_fence":1,"minecraft:dirt":13,"biomesoplenty:stringy_cobweb":2,"minecraft:oak_leaves":6,"minecraft:deepslate":26,"minecraft:fern":92},"minecraft:used":{"minecraft:rose_bush":1,"minecraft:chest":6,"doggytalents:rice_grains":24,"minecraft:player_head":1,"minecraft:cooked_chicken":1,"minecraft:oak_door":2,"minecraft:dirt":63,"minecraft:mutton":2,"minecraft:allium":2,"farmersdelight:rope":3,"minecraft:wooden_axe":10,"minecraft:melon_seeds":5,"minecraft:mangrove_roots":1,"minecraft:oak_sapling":5,"tombstone:gift":8,"minecraft:egg":3,"farmersdelight:tomato_seeds":11,"minecraft:cobbled_deepslate":27,"biomesoplenty:black_sand":3,"minecraft:wheat_seeds":3,"epicfight:skillbook":3,"minecraft:oak_planks":65,"minecraft:glow_berries":5,"farmersdelight:onion":8,"minecraft:crafting_table":2,"minecraft:white_bed":3,"minecraft:black_bed":1,"minecraft:book":2,"minecraft:wooden_hoe":47,"minecraft:apple":2,"minecraft:chicken":1,"minecraft:bread":1,"minecraft:melon_slice":9,"minecraft:iron_pickaxe":70,"tombstone:grave_key":3,"biomesoplenty:toadstool":3,"minecraft:pink_bed":1,"minecraft:cobblestone":11,"travelersbackpack:standard":13,"alexsmobs:animal_dictionary":35,"iceandfire:fire_lily":2,"alexsmobs:leafcutter_ant_chamber":1},"minecraft:dropped":{"minecraft:iron_ingot":1,"minecraft:emerald":1,"minecraft:magenta_bed":1,"tombstone:grave_key":2,"minecraft:wooden_axe":1,"minecraft:melon_slice":5,"minecraft:iron_pickaxe":1,"minecraft:white_wool":2,"supplementaries:bomb":2,"minecraft:rotten_flesh":5,"iceandfire:pixie_dust":2,"minecraft:stone_pickaxe":1,"epicfight:skillbook":2},"minecraft:killed_by":{"minecraft:player":7,"minecraft:spider":1,"alexsmobs:leafcutter_ant":1,"minecraft:cave_spider":2,"minecraft:skeleton":3,"iceandfire:cockatrice":1,"epicsamurai:kitsune":1},"minecraft:killed":{"minecraft:cave_spider":2,"minecraft:chicken":1,"minecraft:squid":1,"iceandfire:cockatrice":1,"minecraft:sheep":2,"minecraft:goat":1,"minecraft:zombie":2,"minecraft:player":2},"minecraft:picked_up":{"minecraft:wooden_axe":1,"minecraft:cocoa_beans":1,"minecraft:wheat":8,"minecraft:allium":14,"minecraft:chicken":2,"minecraft:flower_pot":1,"iceandfire:fire_lily":2,"spelunkers_charm:deepslate_rock":1,"doggytalents:rice_wheat":17,"tombstone:grave_key":2,"minecraft:amethyst_block":2,"minecraft:string":5,"minecraft:item_frame":1,"minecraft:oak_sign":1,"supplementaries:bomb":2,"minecraft:candle":4,"biomesoplenty:black_sand":7,"minecraft:cobbled_deepslate":27,"minecraft:rose_bush":6,"minecraft:player_head":1,"minecraft:iron_pickaxe":1,"biomesoplenty:wildflower":1,"minecraft:melon_slice":25,"minecraft:chest":2,"farmersdelight:cabbage_seeds":7,"minecraft:egg":3,"iceandfire:pixie_dust":2,"minecraft:stick":6,"minecraft:acacia_fence":1,"minecraft:torch":9,"epicfight:skillbook":4,"farmersdelight:tomato_seeds":15,"tombstone:grave_dust":2,"minecraft:carrot":13,"minecraft:dark_oak_planks":1,"minecraft:brown_carpet":2,"iceandfire:lightning_lily":1,"minecraft:stone_sword":1,"minecraft:rotten_flesh":10,"minecraft:peony":6,"farmersdelight:onion":5,"farmersdelight:rope":1,"minecraft:mangrove_roots":1,"minecraft:gold_ingot":1,"supplementaries:ash":4,"minecraft:mutton":3,"minecraft:white_wool":2,"minecraft:cobblestone":23,"minecraft:magma_block":3,"minecraft:feather":1,"farmersdelight:rice":2,"minecraft:salmon":1,"doggytalents:rice_grains":31,"spelunkers_charm:old_miners_bundle":1,"minecraft:flint":2,"minecraft:tuff":9,"minecraft:oak_log":24,"minecraft:dirt":89,"farmersdelight:tomato":4,"tombstone:gift":1,"minecraft:name_tag":1,"farmersdelight:organic_compost":3,"minecraft:cooked_mutton":1,"minecraft:bone":1,"minecraft:apple":5,"minecraft:wheat_seeds":94,"minecraft:iron_ingot":3,"minecraft:stone_pickaxe":1,"minecraft:cooked_chicken":1,"minecraft:powered_rail":4,"minecraft:bamboo":1,"minecraft:oak_planks":1,"epicsamurai:raw_silver":10,"minecraft:book":4,"biomesoplenty:toadstool":3,"minecraft:scaffolding":2,"minecraft:gravel":1,"minecraft:ink_sac":1,"minecraft:white_bed":6,"minecraft:dark_oak_log":2,"minecraft:spider_eye":3,"epicsamurai:straw_hat":1,"minecraft:bundle":1,"travelersbackpack:standard":6,"minecraft:diamond":6,"epicsamurai:jorogumo_eye":2,"minecraft:bread":4,"minecraft:oak_button":1,"minecraft:oak_sapling":28,"minecraft:coal":7},"minecraft:crafted":{"minecraft:black_dye":1,"minecraft:oak_door":3,"minecraft:oak_planks":124,"minecraft:pink_bed":1,"minecraft:pink_dye":12,"minecraft:melon_seeds":5,"minecraft:chest":5,"minecraft:dark_oak_planks":8,"minecraft:magenta_dye":12,"farmersdelight:tomato_seeds":4,"minecraft:magenta_bed":1,"minecraft:crafting_table":2,"travelersbackpack:standard":1,"minecraft:wooden_hoe":1,"minecraft:iron_ingot":15,"minecraft:black_bed":1}},"DataVersion":3465}