{"stats":{"minecraft:custom":{"minecraft:mob_kills":84,"minecraft:interact_with_crafting_table":36,"minecraft:leave_game":7,"minecraft:time_since_death":289,"minecraft:climb_one_cm":3911,"minecraft:sprint_one_cm":1025521,"minecraft:walk_one_cm":808959,"minecraft:damage_blocked_by_shield":105,"minecraft:drop":74,"minecraft:damage_dealt_absorbed":378,"minecraft:play_time":205305,"minecraft:sneak_time":8083,"minecraft:deaths":3,"minecraft:walk_under_water_one_cm":9456,"minecraft:jump":3190,"minecraft:walk_on_water_one_cm":52448,"minecraft:total_world_time":205305,"minecraft:interact_with_furnace":49,"minecraft:sleep_in_bed":1,"minecraft:time_since_rest":1,"minecraft:waystone_activated":2,"minecraft:damage_taken":3037,"minecraft:damage_dealt":15422,"minecraft:player_kills":4,"minecraft:swim_one_cm":53713,"minecraft:fly_one_cm":898723,"minecraft:open_chest":10,"minecraft:crouch_one_cm":46305,"tombstone:undead_killed":48,"minecraft:fall_one_cm":66883},"minecraft:mined":{"biomesoplenty:mossy_black_sand":2,"minecraft:tuff":1,"minecraft:white_bed":1,"minecraft:farmland":1,"iceandfire:silver_ore":2,"minecraft:deepslate_diamond_ore":5,"minecraft:brown_mushroom_block":12,"minecraft:oak_pressure_plate":1,"minecraft:composter":4,"minecraft:spawner":2,"minecraft:furnace":12,"minecraft:iron_ore":144,"minecraft:cobbled_deepslate":2,"minecraft:fire":1,"treechop:chopped_log":2,"minecraft:deepslate_lapis_ore":5,"minecraft:deepslate_iron_ore":16,"biomesoplenty:webbing":3,"minecraft:stone":833,"biomesoplenty:black_sand":13,"minecraft:crafting_table":6,"minecraft:torch":15,"biomesoplenty:black_sandstone":102,"minecraft:melon":22,"minecraft:copper_ore":1,"minecraft:cobblestone":13,"minecraft:deepslate_coal_ore":6,"minecraft:lapis_ore":16,"minecraft:deepslate_gold_ore":35,"minecraft:iron_door":1,"minecraft:wall_torch":26,"supplementaries:urn":11,"minecraft:grass":1,"minecraft:coal_ore":155,"minecraft:gravel":35,"minecraft:dirt":6,"minecraft:red_mushroom_block":19,"minecraft:gold_ore":23,"minecraft:deepslate":56,"minecraft:fern":11},"minecraft:broken":{"minecraft:stone_pickaxe":4,"minecraft:iron_pickaxe":1},"minecraft:used":{"minecraft:flint_and_steel":2,"minecraft:chest":2,"minecraft:shield":4,"minecraft:torch":150,"minecraft:dirt":39,"biomesoplenty:black_sandstone":100,"minecraft:wooden_axe":3,"minecraft:iron_boots":1,"minecraft:furnace":18,"minecraft:skeleton_skull":1,"minecraft:cooked_beef":9,"minecraft:cobbled_deepslate":63,"minecraft:cooked_mutton":9,"minecraft:water_bucket":42,"epicfight:skillbook":5,"epicfight:iron_spear":235,"minecraft:stone_pickaxe":833,"minecraft:wooden_pickaxe":11,"minecraft:composter":5,"minecraft:cookie":7,"minecraft:tnt":38,"minecraft:crafting_table":11,"minecraft:mushroom_stew":4,"minecraft:magenta_bed":1,"minecraft:white_bed":1,"minecraft:bread":3,"minecraft:melon_slice":107,"minecraft:oak_button":4,"waystones:mossy_waystone":1,"minecraft:iron_pickaxe":622,"biomesoplenty:mahogany_pressure_plate":1,"tombstone:magic_scroll":2,"minecraft:iron_door":4,"minecraft:oak_pressure_plate":2,"minecraft:gravel":12,"minecraft:stone_axe":113,"minecraft:cobblestone":128,"minecraft:bucket":43},"minecraft:dropped":{"minecraft:brown_mushroom":2,"minecraft:feather":2,"minecraft:copper_ingot":1,"minecraft:tropical_fish":1,"minecraft:rail":1,"spelunkers_charm:deepslate_rock":1,"minecraft:coal":60,"minecraft:stick":8,"tombstone:bag_of_seeds":1,"tombstone:magic_scroll":1,"minecraft:wooden_axe":1,"minecraft:iron_door":1,"epicsamurai:jorogumo_eye":2,"tombstone:grave_dust":4,"minecraft:iron_pickaxe":1,"minecraft:string":1,"minecraft:gravel":54,"minecraft:stone_axe":1,"minecraft:stone_sword":2,"alexsmobs:animal_dictionary":2,"minecraft:raw_copper":2,"minecraft:bowl":9,"tombstone:gift":2,"iceandfire:witherbone":1,"biomesoplenty:mossy_black_sand":1,"minecraft:rotten_flesh":31,"minecraft:white_bed":1,"supplementaries:flax_seeds":1,"minecraft:gunpowder":3,"minecraft:oak_sapling":9,"minecraft:spider_eye":6,"doggytalents:rice_grains":1,"minecraft:wooden_pickaxe":1,"biomesoplenty:mahogany_sapling":7,"minecraft:bow":1,"minecraft:stone_pickaxe":6,"epicfight:skillbook":1},"minecraft:killed_by":{"minecraft:zombie":1},"minecraft:killed":{"minecraft:cave_spider":2,"minecraft:spider":10,"minecraft:skeleton":18,"minecraft:chicken":1,"minecraft:drowned":1,"epicsamurai:enenra":1,"minecraft:parrot":7,"minecraft:zombie_villager":1,"naturalist:firefly":1,"iceandfire:troll":1,"epicsamurai:jorogumo":1,"minecraft:creeper":2,"minecraft:sheep":5,"minecraft:zombie":28,"minecraft:player":4,"minecraft:cow":4},"minecraft:picked_up":{"minecraft:crafting_table":6,"iceandfire:witherbone":1,"minecraft:chicken":1,"minecraft:brown_mushroom":8,"spelunkers_charm:deepslate_rock":1,"minecraft:string":35,"minecraft:raw_copper":2,"minecraft:cobbled_deepslate":63,"biomesoplenty:black_sand":54,"minecraft:beef":9,"minecraft:melon_slice":107,"minecraft:furnace":12,"minecraft:stick":6,"minecraft:raw_iron":188,"iceandfire:troll_tusk":2,"minecraft:composter":5,"minecraft:copper_ingot":1,"minecraft:torch":56,"minecraft:bowl":5,"epicfight:skillbook":7,"tombstone:grave_dust":4,"minecraft:stone_sword":2,"minecraft:arrow":17,"minecraft:rotten_flesh":31,"minecraft:tropical_fish":1,"biomesoplenty:mahogany_sapling":7,"supplementaries:ash":15,"minecraft:mutton":9,"minecraft:rail":2,"minecraft:skeleton_skull":1,"minecraft:white_wool":5,"minecraft:cobblestone":856,"biomesoplenty:black_sandstone":100,"minecraft:feather":7,"minecraft:iron_door":2,"minecraft:leather":5,"minecraft:red_mushroom":4,"doggytalents:rice_grains":1,"minecraft:flint":1,"minecraft:tuff":1,"minecraft:oak_log":14,"supplementaries:flax_seeds":1,"minecraft:magenta_bed":1,"minecraft:gunpowder":3,"minecraft:lapis_lazuli":126,"minecraft:dirt":45,"minecraft:bone":16,"minecraft:stone_bricks":3,"minecraft:bow":1,"minecraft:raw_gold":61,"minecraft:iron_ingot":1,"minecraft:stone_pickaxe":3,"tombstone:bag_of_seeds":1,"minecraft:oak_pressure_plate":1,"waystones:mossy_waystone":1,"minecraft:gravel":67,"minecraft:amethyst_shard":11,"minecraft:spider_eye":6,"alexsmobs:animal_dictionary":1,"travelersbackpack:standard":1,"biomesoplenty:mahogany_log":25,"minecraft:diamond":5,"biomesoplenty:mossy_black_sand":3,"epicsamurai:jorogumo_eye":2,"minecraft:emerald":5,"tombstone:magic_scroll":1,"minecraft:oak_sapling":9,"minecraft:coal":275,"iceandfire:raw_silver":2},"minecraft:crafted":{"minecraft:oak_planks":56,"minecraft:coal":36,"biomesoplenty:mahogany_planks":100,"epicfight:iron_spear":1,"minecraft:oak_pressure_plate":1,"minecraft:furnace":6,"minecraft:mushroom_stew":4,"biomesoplenty:mahogany_slab":12,"minecraft:cooked_mutton":9,"minecraft:flint_and_steel":1,"minecraft:iron_boots":1,"minecraft:stone_pickaxe":7,"minecraft:chest":2,"minecraft:iron_door":3,"minecraft:oak_button":4,"minecraft:cooked_beef":9,"minecraft:coal_block":8,"minecraft:crafting_table":5,"minecraft:wooden_pickaxe":1,"minecraft:iron_helmet":1,"minecraft:iron_sword":1,"minecraft:bowl":4,"minecraft:bucket":1,"minecraft:stone_axe":2,"minecraft:air":0,"minecraft:white_wool":1,"minecraft:iron_chestplate":1,"minecraft:shield":1,"minecraft:stick":56,"minecraft:iron_ingot":94,"minecraft:iron_pickaxe":3,"minecraft:wooden_axe":1,"minecraft:iron_leggings":1,"minecraft:gold_ingot":13,"minecraft:white_bed":2,"minecraft:composter":1,"minecraft:torch":92,"biomesoplenty:mahogany_pressure_plate":1}},"DataVersion":3465}